ID,Header_ID,Item_ID
240097b4-90ba-42dd-86d2-6da1488c6ff4,41a44776-696a-4609-b936-5b14ed800534,95518317-4d73-4050-9372-e8b78ada2dbe
5b7cba7c-a0c6-4278-b893-3b12ef4fe15a,41a44776-696a-4609-b936-5b14ed800534,4a422dc4-9223-43dd-9708-f7645c9b2f55
3364dae0-3202-49bd-8d62-eeae2017258f,41a44776-696a-4609-b936-5b14ed800534,6ce71adf-a4cd-430b-85ac-0c1ef62fa09e
e52fa860-3bb8-4893-a1f4-0c9a6d73d3bd,41a44776-696a-4609-b936-5b14ed800534,e9e3dbb2-bc5b-4354-9c84-b629980632be
af5743f9-a01b-4d95-91d6-29964547d01e,41a44776-696a-4609-b936-5b14ed800534,26867c51-f2dd-485c-83b8-bb112495fcf5
649a6277-fcda-4d15-9e8b-50f2b21baeab,d2851aff-7b88-4200-a215-c440c583ca4d,5a4d623a-5836-4364-ba56-21ee66394468
77aaa96d-75a3-4aff-b2c4-f67e8c505684,d2851aff-7b88-4200-a215-c440c583ca4d,958c6ef4-6332-4b0a-a56a-5e20d6848989
1e318818-42d4-4c37-8fbc-d1d9cbdbff4c,d2851aff-7b88-4200-a215-c440c583ca4d,0de9a5ea-4464-4d08-8502-9fd9de531292
6fb3529d-ee6f-4b9d-99df-404d21726e50,3d6b1f04-e26e-4efb-b968-f594ee38b1c7,e9d087ea-3bd0-4e0d-bdb3-b865fbf1f628
29123faf-5570-482b-861d-6bafc24654f7,3d6b1f04-e26e-4efb-b968-f594ee38b1c7,d75d788b-3eae-442d-b436-73b67b62639e